Model,Weight
XGBoost,0.47903639146703686
AdaBoost,0.5209636085329632
