Model,Accuracy,Precision,Recall,F1
XGBoost,0.35902255639097747,0.35796035393066145,0.35865190978450645,0.3560445605727485
AdaBoost,0.3890977443609023,0.3885832670542688,0.3895989691707924,0.38720703140415963
