Model,Accuracy,Precision,Recall,F1,AUC
XGBoost,0.3602251407129456,0.359351955163967,0.35956345103042947,0.3550110885984472,0.5358479419708354
AdaBoost,0.34709193245778613,0.3480589022757697,0.34700983152181286,0.3467436527612322,0.5130584891573976
Weighted Ensemble (XGB+ADA),0.3602251407129456,0.3573279780778263,0.35924589080638175,0.35193479193479194,0.5341878732560584
