Model,Accuracy,Precision,Recall,F1,AUC
XGBoost,0.36585365853658536,0.36184661846790983,0.36487027486443036,0.3595944821989599,0.5331493104704453
AdaBoost,0.35647279549718575,0.35846560846560843,0.3559532551350202,0.35487797872286025,0.5048048513232462
